{"0.28806394804402413":{"userid":2},"0.6149841555427062":{"userid":1},"0.5544579752322711":{"userid":1},"0.15837291745604243":{"userid":1},"0.17693252024792838":{"userid":1},"0.038221643443495434":{"userid":1}}